<?xml version="1.0" encoding="UTF-8"?>
<project-private xmlns="http://www.netbeans.org/ns/project-private/1">
    <editor-bookmarks xmlns="http://www.netbeans.org/ns/editor-bookmarks/2" lastBookmarkId="0"/>
    <open-files xmlns="http://www.netbeans.org/ns/projectui-open-files/2">
        <group>
            <file>file:/F:/HMS_Final/HMS/HMS/src/hms/Appointment3.java</file>
            <file>file:/F:/HMS_Final/HMS/HMS/src/hms/Connect.java</file>
            <file>file:/F:/HMS_Final/HMS/HMS/src/hms/TreatmentFacilities.java</file>
            <file>file:/F:/HMS_Final/HMS/HMS/src/hms/Appointment7.java</file>
            <file>file:/F:/HMS_Final/HMS/HMS/src/hms/Appointment4.java</file>
            <file>file:/F:/HMS_Final/HMS/HMS/src/hms/GeneralInformation.java</file>
            <file>file:/F:/HMS_Final/HMS/HMS/src/hms/Appointment2.java</file>
            <file>file:/F:/HMS_Final/HMS/HMS/src/hms/Appointment5.java</file>
            <file>file:/F:/HMS_Final/HMS/HMS/src/hms/Appointment6.java</file>
            <file>file:/F:/HMS_Final/HMS/HMS/src/hms/HospitalMenu.java</file>
            <file>file:/F:/HMS_Final/HMS/HMS/src/hms/AboutHospital.java</file>
        </group>
    </open-files>
</project-private>
